HJD,BJD,orb_phase,norm_flux,norm_flux_err
2455396.348,2455396.349,-0.026360343,1.005617103,0.002
2455396.348,2455396.349,-0.026360343,0.999983079,0.002
2455396.349,2455396.35,-0.025727593,0.998820354,0.002
2455396.35,2455396.351,-0.025094844,0.995089439,0.002
2455396.351,2455396.352,-0.024462095,1.000176971,0.002
2455396.351,2455396.352,-0.024462095,1.002113357,0.002
2455396.352,2455396.353,-0.023829345,1.000395167,0.002
2455396.353,2455396.354,-0.023196596,1.001812208,0.002
2455396.353,2455396.354,-0.023196596,0.995007421,0.002
2455396.354,2455396.355,-0.022563846,1.000463054,0.002
2455396.355,2455396.356,-0.021931097,1.001418917,0.002
2455396.356,2455396.357,-0.021298347,0.997035282,0.002
2455396.356,2455396.357,-0.021298347,1.002745051,0.002
2455396.357,2455396.358,-0.020665598,1.000104229,0.002
2455396.358,2455396.359,-0.020032848,1.0023514,0.002
2455396.358,2455396.359,-0.020032848,1.000967556,0.002
2455396.359,2455396.36,-0.019400099,0.998699285,0.002
2455396.36,2455396.361,-0.018767349,0.998181409,0.002
2455396.36,2455396.361,-0.018767349,1.000390312,0.002
2455396.361,2455396.362,-0.0181346,0.999503262,0.002
2455396.362,2455396.363,-0.01750185,0.999629249,0.002
2455396.362,2455396.363,-0.01750185,0.996687371,0.002
2455396.363,2455396.364,-0.016869101,1.004277412,0.002
2455396.364,2455396.365,-0.016236351,1.001724821,0.002
2455396.364,2455396.365,-0.016236351,1.004034036,0.002
2455396.365,2455396.366,-0.015603602,0.999270752,0.002
2455396.366,2455396.367,-0.014970852,0.999212635,0.002
2455396.367,2455396.368,-0.014338103,0.999983097,0.002
2455396.367,2455396.368,-0.014338103,0.997958908,0.002
2455396.368,2455396.369,-0.013705354,0.998728403,0.002
2455396.369,2455396.37,-0.013072604,0.998854301,0.002
2455396.369,2455396.37,-0.013072604,0.998946303,0.002
2455396.37,2455396.371,-0.012439855,0.997325417,0.002
2455396.371,2455396.372,-0.011807105,0.998922122,0.002
2455396.371,2455396.372,-0.011807105,1.000395273,0.002
2455396.372,2455396.373,-0.011174356,0.99757688,0.002
2455396.373,2455396.374,-0.010541606,0.99917399,0.002
2455396.373,2455396.374,-0.010541606,0.998162202,0.002
2455396.374,2455396.375,-0.009908857,0.994525368,0.002
2455396.375,2455396.376,-0.009276107,0.993735057,0.002
2455396.375,2455396.376,-0.009276107,0.995292224,0.002
2455396.376,2455396.377,-0.008643358,0.988656344,0.002
2455396.377,2455396.378,-0.008010608,0.990421602,0.002
2455396.378,2455396.379,-0.007377859,0.990455234,0.002
2455396.378,2455396.379,-0.007377859,0.988814557,0.002
2455396.379,2455396.38,-0.006745109,0.98730105,0.002
2455396.38,2455396.381,-0.00611236,0.986879999,0.002
2455396.38,2455396.381,-0.00611236,0.983975641,0.002
2455396.381,2455396.382,-0.00547961,0.988095897,0.002
2455396.382,2455396.383,-0.004846861,0.983227112,0.002
2455396.384,2455396.385,-0.003581362,0.985197601,0.002
2455396.384,2455396.385,-0.003581362,0.983746829,0.002
2455396.385,2455396.386,-0.002948613,0.982331558,0.002
2455396.386,2455396.387,-0.002315863,0.987081125,0.002
2455396.386,2455396.387,-0.002315863,0.983360699,0.002
2455396.387,2455396.388,-0.001683114,0.983303532,0.002
2455396.388,2455396.389,-0.001050364,0.980984966,0.002
2455396.388,2455396.389,-0.001050364,0.981979342,0.002
2455396.389,2455396.39,-0.000417615,0.983551498,0.002
2455396.39,2455396.391,0.000215135,0.983766111,0.002
2455396.39,2455396.391,0.000215135,0.984944723,0.002
2455396.391,2455396.392,0.000847884,0.984071403,0.002
2455396.392,2455396.393,0.001480634,0.984648822,0.002
2455396.393,2455396.394,0.002113383,0.985226581,0.002
2455396.393,2455396.394,0.002113383,0.984682275,0.002
2455396.394,2455396.395,0.002746133,0.986167931,0.002
2455396.395,2455396.396,0.003378882,0.983933238,0.002
2455396.395,2455396.396,0.003378882,0.984205146,0.002
2455396.396,2455396.397,0.004011632,0.982879751,0.002
2455396.397,2455396.398,0.004644381,0.986450153,0.002
2455396.397,2455396.398,0.004644381,0.985178997,0.002
2455396.398,2455396.399,0.005277131,0.986301973,0.002
2455396.399,2455396.4,0.00590988,0.985881369,0.002
2455396.399,2455396.4,0.00590988,0.984157621,0.002
2455396.4,2455396.401,0.00654263,0.985279434,0.002
2455396.401,2455396.402,0.007175379,0.986220843,0.002
2455396.401,2455396.402,0.007175379,0.985312918,0.002
2455396.402,2455396.403,0.007808128,0.986072702,0.002
2455396.403,2455396.404,0.008440878,0.987469512,0.002
2455396.404,2455396.405,0.009073627,0.986412248,0.002
2455396.404,2455396.405,0.009073627,0.989050476,0.002
2455396.405,2455396.406,0.009706377,0.988355576,0.002
2455396.406,2455396.407,0.010339126,0.990302734,0.002
2455396.406,2455396.407,0.010339126,0.996065684,0.002
2455396.407,2455396.408,0.010971876,0.99591607,0.002
2455396.408,2455396.409,0.011604625,0.997602439,0.002
2455396.408,2455396.409,0.011604625,1.000454869,0.002
2455396.409,2455396.41,0.012237375,1.000765361,0.002
2455396.41,2455396.411,0.012870124,0.99904955,0.002
2455396.41,2455396.411,0.012870124,1.003476089,0.002
2455396.411,2455396.412,0.013502874,1.000556902,0.002
2455396.412,2455396.413,0.014135623,1.000130235,0.002
2455396.412,2455396.413,0.014135623,0.999853927,0.002
2455396.413,2455396.414,0.014768372,0.999335514,0.002
2455396.414,2455396.415,0.015401122,1.000751124,0.002
2455396.415,2455396.416,0.016033872,1.002722713,0.002
2455396.415,2455396.416,0.016033872,1.00087733,0.002
2455396.416,2455396.417,0.016666621,1.001556881,0.002
2455396.417,2455396.418,0.01729937,0.998919257,0.002
2455396.417,2455396.418,0.01729937,1.004362261,0.002
2455396.418,2455396.419,0.01793212,0.99794166,0.002
2455396.419,2455396.42,0.018564869,1.001013468,0.002
2455396.419,2455396.42,0.018564869,1.00276674,0.002
2455396.42,2455396.421,0.019197619,1.000770947,0.002
2455396.421,2455396.422,0.019830368,1.001173759,0.002
2455396.421,2455396.422,0.019830368,0.999331226,0.002
2455396.422,2455396.423,0.020463118,1.002314994,0.002
2455396.423,2455396.424,0.021095867,0.999399199,0.002
2455396.423,2455396.424,0.021095867,0.998479142,0.002
2455396.424,2455396.425,0.021728617,1.000446266,0.002
2455396.425,2455396.426,0.022361366,0.998455097,0.002
2455396.426,2455396.427,0.022994116,0.999777387,0.002
2455396.426,2455396.427,0.022994116,0.999040995,0.002
2455396.427,2455396.428,0.023626865,1.002116197,0.002
2455396.428,2455396.429,0.024259615,1.001596628,0.002
2455396.428,2455396.429,0.024259615,0.999200986,0.002
2455396.429,2455396.43,0.024892364,0.998407022,0.002
2455396.43,2455396.431,0.025525113,0.998716902,0.002
2455396.43,2455396.431,0.025525113,0.999729253,0.002
2455396.431,2455396.432,0.026157863,0.998566918,0.002
2455396.432,2455396.433,0.026790613,1.001363941,0.002
2455396.432,2455396.433,0.026790613,1.000349935,0.002
2455396.433,2455396.434,0.027423362,1.001582489,0.002
2455396.434,2455396.435,0.028056111,0.996004954,0.002
2455396.434,2455396.435,0.028056111,0.999220875,0.002
2455396.435,2455396.436,0.028688861,1.002019733,0.002
2455396.436,2455396.437,0.02932161,0.999933344,0.002
2455396.437,2455396.438,0.02995436,1.002364847,0.002
2455396.437,2455396.438,0.02995436,1.000704442,0.002
2455396.438,2455396.439,0.030587109,0.998161018,0.002
2455396.439,2455396.44,0.031219859,1.00049606,0.002
2455396.439,2455396.44,0.031219859,1.001879252,0.002
2455396.44,2455396.441,0.031852608,0.998412848,0.002
2455396.441,2455396.442,0.032485358,0.996701106,0.002
2455396.441,2455396.442,0.032485358,1.00240896,0.002
2455396.442,2455396.443,0.033118107,0.999953303,0.002
2455396.443,2455396.444,0.033750857,0.998055057,0.002
2455396.443,2455396.444,0.033750857,1.000447952,0.002
2455396.444,2455396.445,0.034383606,0.999653014,0.002
2455396.445,2455396.446,0.035016356,1.000055403,0.002
2455396.445,2455396.446,0.035016356,0.999963299,0.002
2455396.446,2455396.447,0.035649105,1.000457956,0.002
2455396.447,2455396.448,0.036281854,0.998099008,0.002
2455396.448,2455396.449,0.036914604,1.00255546,0.002
2455396.448,2455396.449,0.036914604,0.998316861,0.002
2455396.449,2455396.45,0.037547354,0.999823152,0.002
2455396.45,2455396.451,0.038180103,0.999304798,0.002
2455396.45,2455396.451,0.038180103,0.998292878,0.002
2455396.451,2455396.452,0.038812852,1.000628242,0.002
2455396.452,2455396.453,0.039445602,0.998728725,0.002
