orb_phase,norm_flux
-0.0856951533020765,0.9999046853881717
-0.05471456606544961,0.9963205293384961
-0.02373397813214978,0.994445094945267
0.007246610486909055,0.9937543461974395
0.038227200493856806,0.9958602318020323
0.06920779119383952,1.000069416105648
0.1001883825868572,0.9999845839359665
0.13116897467109084,1.000927215081262
0.16214956814139442,1.0005808590801957
0.19313016230291397,1.0007300627008264
-0.1562771774894645,0.9994514284425968
-0.12529656740087375,1.0000864687296906
-0.09431595661924802,0.9997947078517156
-0.06333534445337136,0.9988648642344141
-0.03235473228749469,0.9937898680114704
-0.0013741201216180277,0.9934850748284112
0.029606493428509573,0.993767394988101
0.06058710697863717,0.9987892718258486
0.09156772122179974,0.9992316814105558
0.12254833546678129,0.9993669262965238
0.1535289510941948,1.0001757860586438
0.1845095667216083,1.000075716843397
0.21549018234902179,0.9995342150925214
-0.1648974233791523,1.0003568888320857
-0.13391680082684615,1.0005817513648447
-0.10293617827453999,1.000228013940288
-0.07195555502919887,1.0000043657475641
-0.04097493178385775,0.9956157758692784
-0.009994308538516627,0.9931523629277812
0.020986314706824494,0.9933144275988054
0.05196693864338159,0.9977058167448078
0.08294756188872271,0.9997210513219138
0.1139281858270988,0.9999058486862403
0.14490881045669085,1.0001392122913284
0.17588943439506693,0.9999632502074584
0.20687005833162403,1.0002107308056056
-0.17351744353043613,0.9998993383415481
-0.1425368182078091,1.0004191178746449
-0.11155619357821706,0.999917483074043
-0.08057556825559004,0.9988804225893887
-0.04959494362599798,0.9967093733642902
-0.01861431899640592,0.9935970565102706
0.0123663063262211,0.9932905399704085
0.04334693095581316,0.9966673347775074
0.07432755558540521,1.0007698820176385
0.10530818021499727,1.00015148677292
0.13628880484458933,1.0005134861151395
0.16726942947418139,1.0008132962024299
0.19825005341255747,1.0005273532019214
-0.1511568612128758,0.9989588051534506
-0.12017624004482058,0.9987239231878744
-0.08919561887858435,0.9986436526585973
-0.058214997712348115,0.9971074451657209
-0.027234376544292893,0.992336889613568
0.003746243932546356,0.9925145157551956
0.034726864407566616,0.9938577600952415
0.06570748488076789,0.9976828441359318
0.09668810466275318,0.9991599886503245
0.12766872513959243,0.9992994537449054
0.15864934492157773,0.9991825065375622
0.18962996401234705,0.9999267120965757
-0.15977707872087193,0.9999724916404644
-0.12879646447952836,0.9996929938084679
-0.09781585023454681,0.9999151157325761
-0.0668352366862382,0.9993054178427839
-0.0358546231361106,0.9934070827384881
-0.00487401027719897,0.9922091297842749
0.026106602581712657,0.993227308390151
0.057087215438805294,0.99756738321188
0.08806782760468196,0.9993045796669568
0.11904843977055862,0.9996420438421115
0.15002905124340032,0.9999453914814982
0.18100966271624203,0.9998790187142431
0.21199027418726474,1.0002071836069106
-0.16839756629058683,0.9996472012479668
-0.1374169617426378,1.0000803913925391
-0.10643635788772371,1.0000059842476263
-0.07545575333977467,0.9992526498645158
-0.04447515017243858,0.9948249318014452
-0.013494547012378455,0.9927302110710595
0.01748605615131965,0.9927890265285585
0.048466658623801784,0.9972677087520216
0.07944726109264594,0.9999265870703875
0.11042786287209311,0.9999011041588899
0.1414084646497213,0.9994344937963799
0.1723890657361335,0.9996021115833129
0.2033696668225457,0.9996882508794361
-0.17701838970577227,0.9994924246568386
-0.1460377962372877,0.9999107466115985
-0.11505720346183806,1.0002235429261825
-0.08407661068638844,0.9990548512659675
-0.053096018600335804,0.9957850085956732
-0.022115426516102155,0.9922225110125995
0.008865164875096532,0.9925745575045908
0.039845755575079245,0.9953917460420384
0.07082634627324297,0.9992011637735652
0.10180693697140669,0.9992426429042263
0.13278752697835444,0.9988008317552889
0.16376811629226723,0.9996022256841162
0.194748705607999,1.0000028229479143
-0.15465901158830092,0.9991124588911207
-0.12367843127656669,0.9993878016847138
-0.09269785096119448,0.9982630094005023
-0.06171727134249522,0.9978400992450599
-0.03073669172379595,0.993266226237219
0.00024388720368734296,0.9922566892801484
0.031224465438135673,0.9924570432812292
0.062205043670765015,0.9983933893094221
0.09318562121399737,0.9983162577928998
0.15514677560742712,0.9994170747798186
0.18612735176277057,1.000165804977405
0.217107927921752,1.000769788692794
-0.16328063687586108,1.0008587380491727
-0.1323000697226962,1.0006317616993217
-0.10131950256771233,1.000165447814548
-0.07033893610394443,1.000130825719446
-0.03935836964017653,0.9949673105584813
-0.008377803871262579,0.9932882374294775
0.022602761208254385,0.9938712394127385
0.05358332628595236,0.9981721327023476
0.08456389067061537,1.0000663115750694
0.11554445436406241,1.0008493142236965
0.14652501805750945,1.0008392548037515
0.17750558105610253,1.0007809782608017
0.2084861440583336,1.0009096854235804
-0.17190269010796327,0.9999374191623414
-0.14092213680094573,1.0001232984857424
-0.10994158280271221,0.9994579840869288
-0.07896103019054862,0.999644261186973
-0.04798047757656604,0.9954039149272706
-0.01699992565561842,0.9933727751775067
0.01398062626351021,0.9934319600948337
0.044961177493241855,0.9969081227593566
0.07594172802993854,0.9999283461812006
0.10692227856663522,1.0000169963337808
0.13790282840847795,1.000723196685138
0.16888337825395866,1.000130457725096
0.19986392740458542,1.0003741997222433
-0.14954464082773483,0.9997236868407329
-0.1185641013705026,0.9998487818530162
-0.08758356191508937,0.999593627462975
-0.05660302315089211,0.9965952809575378
-0.025622484384875854,0.9933574860102158
0.0053580529950704725,0.9933078531071183
0.03633859106441378,0.9948194309157593
0.06731912775132515,0.9991987605901401
0.0982996644400555,0.999897627282757
0.1292802004321129,0.9995689343710872
0.1602607364278083,0.9999976341218155
0.19124127172864974,1.0002812350986174
-0.15816758318367646,1.0001285871243781
-0.1271870568831946,1.0001643825692916
-0.0962065312739287,1.0005088769878432
-0.06522600636133574,0.9994975210208888
-0.03424548144510481,0.9940710526747526
-0.0032649572219088374,0.9932955761837392
0.027715566997649155,0.9940218429683446
0.05869609052962915,0.998575703152749
0.0896766133667552,0.9994575460894065
0.12065713620570023,1.000456611668746
0.15163765904282628,0.9999942272166001
0.1826181804957014,1.0006568575577828
0.2135987019467575,0.9996764038353837
-0.16679095555598905,1.0005875027231617
-0.13581044241589552,1.0004652027205452
-0.10482992996337998,1.0008020938488695
-0.07384941820571839,1.0000193659715644
-0.04286890644623781,0.9950250005890987
-0.011888395381611183,0.9934736229139185
0.019092115681196453,0.9935041033025056
0.050072626056426095,0.9976736438925862
0.08105313573862077,0.9998897365612796
0.11203364541717747,1.0003612334335321
0.1430141544063372,0.9999766745026071
0.1739946633954969,1.0008932144685267
0.20497517169162166,1.0009484333458618
-0.1754147427197313,1.0003175495116463
-0.14443424273093114,0.9999642685186885
-0.11345374274576897,1.0002665818352967
-0.08247324345182278,0.9989858959725147
-0.05149274415969557,0.9966245669940644
-0.020512245556965347,0.9929548398476502
0.010468253043945885,0.9930007588218072
0.041448750951822155,0.9955810765070312
0.07242924816848245,0.9988727013034262
0.10340974538696174,0.9994509607963742
0.13439024260180304,1.0000841308354624
0.1653707384342124,1.0003277549989356
0.19635123495965673,0.9997752234137172
-0.1530584336011816,0.9998743962252268
-0.12207794538488087,0.9995073928914301
-0.0910974578616151,0.9992880428693189
-0.06011697034198732,0.9986578079270727
-0.029136483511756517,0.9936781960072838
0.0018440026254393227,0.9927624138743844
0.03282448876263516,0.994078754556622
0.06380497489801201,0.9992323698373855
0.09478546034399188,0.9995489263676638
0.1257659450951178,0.9988271655924224
0.1567464298462437,0.9995147791881372
0.1877269145991886,0.9999117532954245
0.21870739865909855,1.0004014649045947
-0.16168299632015987,1.000116020479906
-0.13070251987817755,1.0001733915815993
-0.0997220441274112,0.9996414372783649
-0.06874156837664486,0.9996835476232896
-0.037761093320732464,0.9940386982808072
-0.006780618263001081,0.9931791036921407
0.024199856103514328,0.9936926798842635
0.05518033046821075,0.9981847265696602
0.0861608041416912,0.9993725364786357
0.11714127712031769,0.9998864195197951
0.14812175010076317,0.9998006681879125
0.1791022223881737,1.0001403924312662
0.21008269398254925,1.0002250316601147
-0.17030797521118074,0.9992814623681735
-0.1393275153874856,0.999089617068249
-0.10834705625682545,0.9986175358432128
-0.07736659781738126,0.998433931353023
-0.046386140072791016,0.9950264748490627
-0.015405683712451712,0.9922252647966882
0.015574771956671618,0.991737347733383
0.04655522624154401,0.9950893770991586
0.07753567983338144,0.9984188438807581
0.10851613203914895,0.9998929248120425
0.1394965835518815,0.9986466954583547
0.1704770336821821,0.9978002979217635
0.20145748242459377,0.9993243288443419
-0.1652244127450831,1.000619140500868
-0.1342443503924005,1.0006216704869557
-0.10326428734850196,1.0002097769058345
-0.07228422292217146,0.9999117486111646
-0.04130415779916802,0.9950265344565093
-0.010324091986767592,0.9931938309183481
0.02065597521352175,0.9944882857125523
0.05163604310502706,0.998004339524658
0.08261611168774835,1.0008937391733623
0.11359618096168561,1.0008559208096868
0.1445762516235118,1.0014747704821836
0.17555632297837293,1.0012036954627384
0.20653639502263105,1.0014391036121129
-0.1738620200337027,1.0004436873819509
-0.14288193413784028,1.0004621786705903
-0.1119018489368318,1.0003656814661415
-0.0809217623497534,0.9999541054592718
-0.049941675762675,0.9967554997071167
-0.018961589173777604,0.9938561085751241
0.012018498104516773,0.9930368261779277
0.04299858607584611,0.9962029039625103
0.0739786747420294,1.0004244929441217
0.10495876271517773,1.0005241635941708
0.135938852072577,1.0005275928647386
0.1669189407387603,1.0008456969358668
0.19789903078555654,1.0009205467697493
-0.1515190324714058,1.000230294700415
-0.12053893826821876,1.001055147833943
-0.08955884406139375,1.0013406471315285
-0.05857874985820671,0.998645248520404
-0.027598655655019677,0.9939307004168428
0.0033814385499863486,0.9937618667654414
0.03436153344620835,0.9949586012118576
0.06534162764939538,1.000586227971879
0.09632172254743637,1.0006615039484998
0.1273018167524424,1.0006957215671828
0.1582819116486644,1.0000517065311696
0.1892620065448864,1.000720490270297
-0.16015600893450027,1.000287754757643
-0.1291759154225292,0.9994726907309514
-0.09819582191055815,0.9996093062050235
-0.06721572770555212,0.998620001244573
-0.036235634195400046,0.9940832970113832
-0.005255541376463946,0.992398337710128
0.025724552137326107,0.9929649242958543
0.056704644958081196,0.9982807519513215
0.08768473846823327,0.9997967906024408
0.11866483128535038,0.9994248980616238
0.14964492410792446,1.0002175739824033
0.1806250162338256,1.0000610277693942
0.2116051090509427,1.0001198182340214
-0.16879307957213313,0.9997899610468289
-0.13781299090776883,0.9993130105668373
-0.1068329029346205,1.000106817928252
-0.07585281496511015,0.9995777662220788
-0.04487272699196182,0.9951102431964739
-0.013892639711848453,0.9930036581084762
0.017087447566445924,0.9925167598205924
0.04806753484837828,0.9967760091470084
0.0790476214336377,0.9989754768836157
0.1100277080207161,0.9990158852332999
0.14100779391657853,0.9995909585738675
0.17198788050365693,0.9997048725802931
0.2029679657046654,1.0002646921450975
-0.1774303759572649,1.0005242699153871
-0.14645029629326017,0.999802052973517
-0.11547021663107443,1.0004393970400967
-0.08449013766010466,0.9999844097344515
-0.05351005869095388,0.9974005606788467
-0.022529979719984106,0.9928870575039893
0.008450098557950703,0.9931977338373632
0.03943017614285055,0.9950047232460753
0.0704102537259314,0.9993406554019715
0.10139033131083125,0.9996371254210553
0.13237040820269613,0.9996516493842558
0.16335048509638,0.999632699255771
0.19433056129702891,0.9999153930168416
-0.15508791397922322,1.0000822146290984
-0.12410784539650194,0.9994211603014441
-0.09312777681196166,0.9994219092441032
-0.062147708922275335,0.9980401098109295
-0.031167641723804984,0.99287367206227
-0.00018757452715362222,0.9925877602598551
0.03079249266949774,0.9935400603018263
0.06177255917675212,0.9984639721548245
0.0927526256821875,0.9989106086013531
0.12373269149640692,1.0001314795110565
0.15471275661759137,0.9988656275305018
0.18569282173695684,1.0000061737005237
0.21667288616510633,1.0000372778085462
-0.1637259007490502,0.9998736447706863
-0.1327458446300443,0.9996158050994746
-0.1017657885110384,0.9996499018924798
-0.07078573239021352,0.9989794828576276
-0.03980567765727755,0.9940178522350211
-0.008825622233125607,0.992308040084991
0.022154431808594388,0.9925221707621157
0.05313448654153036,0.997522724904652
0.08411453989203438,0.9986464452210577
0.11509459323890042,0.9993417912256762
0.14607464589818847,0.9996341367990286
0.17705469855383854,0.9997396169676337
0.20803475051645365,0.9999987993953349
-0.17236429399388725,1.0004372706562534
-0.14138425033859675,0.9996036781740115
-0.1104042073781602,0.9993597259605538
-0.07942416510893963,0.9993162135714361
-0.04844412283790006,0.9959709948461598
-0.017464081261714448,0.9924052340110929
0.013515960314471165,0.9929750438212175
0.044496001199440804,0.9960780461245635
0.07547604139137548,0.9993707419232039
0.10645608158331016,0.9995449171815862
0.13743612108220987,0.9991135569835436
0.16841616058292858,0.9992103507335113
0.19939619939061232,0.9993553557549926
-0.1500230867620121,0.9995023417986302
-0.11904305695468792,0.9996062868426557
-0.08806302853343367,0.9993615706371644
-0.057083000115817406,0.9977679210888655
-0.02610297169638215,0.9924000307953623
0.03585708237580548,0.9944765192388876
0.06683710940917081,0.9997742133835971
0.09781713575313916,1.000288872432863
0.12879716140407255,1.0001681182973126
0.15977718705318694,1.0004649591746562
0.19075721201108536,1.0008096896273744
-0.15866236566733277,0.9999899351904599
-0.12768235040464787,0.9994555972866074
-0.09670233513832499,0.9996357924823738
-0.06572232056867505,0.9988362723542692
-0.03474230669024109,0.9935264470293446
-0.0037622935048420847,0.9927904965325044
0.027217719682375907,0.9932517155055874
0.0581977328695939,0.9987606796948033
0.08917774466892298,1.000020506435013
0.12015775647007104,1.000680102162643
0.1511377682730381,1.0005511481260017
0.1821177793811512,1.0004653426717045
0.21309778979622934,1.0003763672347197
-0.1673020912091306,0.999956893072477
-0.13632208979441202,1.0004700411795582
-0.1053420890727284,1.0004250830443344
-0.07436208835286379,0.9998542347898302
-0.04338208832421514,0.9950260512720517
-0.012402088295566494,0.9930646048243512
0.01857791104186618,0.993588314357032
0.04955790968808288,0.9981016289408096
0.0805379083306616,0.999747667280011
0.11151790628202435,1.0004921456702123
0.14249790354217112,1.0001605486645198
0.1734779008023179,1.000667106369958
0.2044578973694297,1.000144225248934
-0.17594225854343676,1.0004337527702079
-0.14496227028728753,1.0006475918817102
-0.11398228341357025,0.9997613109109624
-0.08300229654167196,1.0002527657662932
-0.05202230966977367,0.9976396852540521
-0.021042323489091352,0.9938824072572147
0.009937661998556002,0.9936061078246194
0.04091764748438437,0.9964102771749999
0.07189763228081575,1.000056520927539
0.10287761638421217,1.0005890992582134
0.1338576004857896,1.000218814700826
0.16483758458918601,1.0004120189797188
0.19581756730469352,1.0008706403989462
-0.1536028787192481,1.0005270158150399
-0.1226229043110652,1.0006173579231135
-0.09164292990106332,1.0002627079447675
-0.060662956187734374,0.9990047401432373
-0.0296829831656214,0.9937407246451126
0.00129698985831056,0.9939099137226248
0.03227696218920756,0.9945104589076598
0.0632569338270696,0.9996859991479333
0.09423690546493163,1.0003610808915875
0.12521687710461266,1.0002370429439518
0.15619684735822376,1.000679273689234
0.18717681830305083,1.0001211732141546
0.21815678855666193,1.0001848014516002
-0.16224388878225,1.0002311261200272
-0.1312639268359635,1.0003366285727366
-0.10028396489331498,0.9999875041394838
-0.06930400295066647,1.0001017810568948
-0.038324041697414934,0.9946502448564425
-0.0073440811390173555,0.9930859748251154
0.023635879419380224,0.993897109208197
0.0546158399777778,0.9985942643551393
0.08559579984495941,0.9996698406554098
0.11657575901728706,0.9997419325772974
0.1475557181914337,1.000263305604439
0.17853567667436437,1.0003875176590025
0.20951563515547605,1.0002376874189496
-0.17088526723244285,1.000607707123118
-0.13990531567622383,1.0000488908822096
-0.10892536481122078,1.0000951278778545
-0.07794541394803672,0.9998440980801739
-0.04696546377606864,0.9958366150103007
-0.015985513604100554,0.9934948573792477
0.01499443656968652,0.9936268254563351
0.04597438604680065,0.9967823097816967
0.0769543348345178,1.0001869647799357
0.10793428362223495,1.0003834783588201
0.1389142324081331,1.0000986153337377
0.1698941805028153,0.9999221849273032
0.2008741285956785,1.000473441088395
-0.17952697737353446,1.0003513954890162
-0.14854703620556392,1.0001618331913618
-0.1175670950339554,1.0002123865921957
-0.08658715386598487,1.000293292870319
-0.05560721408044628,0.9978699413600485
-0.024627273603691713,0.9935532296722284
0.006352666183665867,0.9932133830682662
0.037332605274350505,0.9958264996262388
0.06831254436503514,1.0001405535627277
0.09929248345935776,0.9995967753678264
0.13027242116761045,1.0002463163351585
0.16125235956707912,1.0002617311037427
0.1922322972753318,1.0006749125340801
-0.15718912166237714,0.999944789257335
-0.12620919641783984,0.9996399563557162
-0.09522927117512153,0.9999116056113762
-0.06424934800787013,0.9986134743156867
-0.03326942484243772,0.9939643001633088
-0.0022895030630752378,0.9926928449012853
0.0286904173338553,0.9926952126042078
0.05967033634471591,0.998682269548973
0.09065025466436055,0.9995919235929953
0.1216301709049003,0.9998632807295638
0.1526100864524051,0.9997737717355507
0.18358999992444297,1.0001784599376715
0.21456991201041092,1.0004751926174378
-0.165832542181015,1.0007355397115796
-0.13485272842415724,1.0003671361407531
-0.10387292505372897,1.0004344688098552
-0.07289313276458415,0.999825717689546
-0.041913352935516734,0.9955852514662604
-0.010933585575621685,0.9933765166755457
0.020046168629342,0.9940740463411388
